model_id,split,acc,metric_used,family,params,params_n,type,access
AI-Sweden-Models/gpt-sw3-1.3b,nonparallel,0.4913793103448275,"acc,none",GPT-SW3,1.3B,1300000000.0,base,open
AI-Sweden-Models/gpt-sw3-1.3b,parallel,0.21135129289627985,"acc,none",GPT-SW3,1.3B,1300000000.0,base,open
AI-Sweden-Models/gpt-sw3-1.3b-instruct,nonparallel,0.0061764705882352946,"exact_match,strict_match",GPT-SW3,1.3B,1300000000.0,instruct,open
AI-Sweden-Models/gpt-sw3-1.3b-instruct,parallel,0.05789947556231943,"exact_match,strict_match",GPT-SW3,1.3B,1300000000.0,instruct,open
AI-Sweden-Models/gpt-sw3-20b-instruct,nonparallel,0.21036764705882352,"exact_match,strict_match",GPT-SW3,20B,20000000000.0,instruct,open
AI-Sweden-Models/gpt-sw3-20b-instruct,parallel,0.17055781765829436,"exact_match,strict_match",GPT-SW3,20B,20000000000.0,instruct,open
AI-Sweden-Models/gpt-sw3-6.7b-v2,nonparallel,0.4958620689655172,"acc,none",GPT-SW3,6.7B,6700000000.0,base,open
AI-Sweden-Models/gpt-sw3-6.7b-v2,parallel,0.20922750648851288,"acc,none",GPT-SW3,6.7B,6700000000.0,base,open
AI-Sweden-Models/gpt-sw3-6.7b-v2-instruct,nonparallel,0.05786764705882354,"exact_match,strict_match",GPT-SW3,6.7B,6700000000.0,instruct,open
AI-Sweden-Models/gpt-sw3-6.7b-v2-instruct,parallel,0.07596971807163672,"exact_match,strict_match",GPT-SW3,6.7B,6700000000.0,instruct,open
Azurro/APT3-1B-Base,nonparallel,0.47267241379310343,"acc,none",APT,1B,1000000000.0,base,open
Azurro/APT3-1B-Base,parallel,0.2105912957800634,"acc,none",APT,1B,1000000000.0,base,open
BSC-LT/salamandra-2b,nonparallel,0.5304310344827585,"acc,none",Salamandra,2B,2000000000.0,base,open
BSC-LT/salamandra-2b,parallel,0.22568685114870704,"acc,none",Salamandra,2B,2000000000.0,base,open
BSC-LT/salamandra-2b-instruct,nonparallel,0.19066176470588236,"exact_match,strict_match",Salamandra,2B,2000000000.0,instruct,open
BSC-LT/salamandra-2b-instruct,parallel,0.10472683672428607,"exact_match,strict_match",Salamandra,2B,2000000000.0,instruct,open
BSC-LT/salamandra-7b,nonparallel,0.5598275862068967,"acc,none",Salamandra,7B,7000000000.0,base,open
BSC-LT/salamandra-7b,parallel,0.23599787921753335,"acc,none",Salamandra,7B,7000000000.0,base,open
BSC-LT/salamandra-7b-instruct,nonparallel,0.1935294117647059,"exact_match,strict_match",Salamandra,7B,7000000000.0,instruct,open
BSC-LT/salamandra-7b-instruct,parallel,0.07835452632938385,"exact_match,strict_match",Salamandra,7B,7000000000.0,instruct,open
CohereLabs/aya-expanse-32b,nonparallel,0.7094852941176472,"exact_match,strict_match",Aya,32B,32000000000.0,instruct,open
CohereLabs/aya-expanse-32b,parallel,0.45924362687510134,"exact_match,strict_match",Aya,32B,32000000000.0,instruct,open
CohereLabs/aya-expanse-8b,nonparallel,0.6386029411764705,"exact_match,strict_match",Aya,8B,8000000000.0,instruct,open
CohereLabs/aya-expanse-8b,parallel,0.376974346067231,"exact_match,strict_match",Aya,8B,8000000000.0,instruct,open
CohereLabs/c4ai-command-a-03-2025,nonparallel,0.8120588235294117,"exact_match,strict_match",Command A,111B,111000000000.0,instruct,open
CohereLabs/c4ai-command-a-03-2025,parallel,0.6497024859975066,"exact_match,strict_match",Command A,111B,111000000000.0,instruct,open
CohereLabs/c4ai-command-r-08-2024,nonparallel,0.6888235294117647,"exact_match,strict_match",Command R,32B,32000000000.0,instruct,open
CohereLabs/c4ai-command-r-08-2024,parallel,0.40722105264702707,"exact_match,strict_match",Command R,32B,32000000000.0,instruct,open
CohereLabs/c4ai-command-r-plus-08-2024,nonparallel,0.6578676470588235,"exact_match,strict_match",Command R,104B,104000000000.0,instruct,open
CohereLabs/c4ai-command-r-plus-08-2024,parallel,0.38075114856034625,"exact_match,strict_match",Command R,104B,104000000000.0,instruct,open
CohereLabs/c4ai-command-r7b-12-2024,nonparallel,0.5896323529411764,"exact_match,strict_match",Command R,7B,7000000000.0,instruct,open
CohereLabs/c4ai-command-r7b-12-2024,parallel,0.3300493912134858,"exact_match,strict_match",Command R,7B,7000000000.0,instruct,open
CohereLabs/tiny-aya-base,nonparallel,0.579655172413793,"acc,none",Tiny Aya,3B,3000000000.0,base,open
CohereLabs/tiny-aya-base,parallel,0.24388923267326726,"acc,none",Tiny Aya,3B,3000000000.0,base,open
CohereLabs/tiny-aya-global,nonparallel,0.5945588235294118,"exact_match,strict_match",Tiny Aya,3B,3000000000.0,instruct,open
CohereLabs/tiny-aya-global,parallel,0.33665420940671104,"exact_match,strict_match",Tiny Aya,3B,3000000000.0,instruct,open
CraneAILabs/ganda-gemma-1b,nonparallel,0.5171551724137932,"acc,none",Crane Gemma,1B,1000000000.0,base,open
CraneAILabs/ganda-gemma-1b,parallel,0.21484487647793898,"acc,none",Crane Gemma,1B,1000000000.0,base,open
CraneAILabs/swahili-gemma-1b,nonparallel,0.5207758620689655,"acc,none",Crane Gemma,1B,1000000000.0,base,open
CraneAILabs/swahili-gemma-1b,parallel,0.2128712871287128,"acc,none",Crane Gemma,1B,1000000000.0,base,open
Gen2B/HyGPT-10b,nonparallel,0.4936029411764706,"acc,none",HyGPT,10B,10000000000.0,base,open
Gen2B/HyGPT-10b,parallel,0.2194794073641411,"acc,none",HyGPT,10B,10000000000.0,base,open
LGAI-EXAONE/EXAONE-3.5-32B-Instruct,nonparallel,0.6239705882352942,"exact_match,strict_match",EXAONE,32B,32000000000.0,instruct,open
LGAI-EXAONE/EXAONE-3.5-32B-Instruct,parallel,0.3951480525655767,"exact_match,strict_match",EXAONE,32B,32000000000.0,instruct,open
LGAI-EXAONE/EXAONE-3.5-7.8B-Instruct,nonparallel,0.606985294117647,"exact_match,strict_match",EXAONE,7.8B,7800000000.0,instruct,open
LGAI-EXAONE/EXAONE-3.5-7.8B-Instruct,parallel,0.34828840476873596,"exact_match,strict_match",EXAONE,7.8B,7800000000.0,instruct,open
LGAI-EXAONE/EXAONE-4.0-1.2B,nonparallel,0.5151470588235294,"exact_match,strict_match",EXAONE,1.2B,1200000000.0,instruct,open
LGAI-EXAONE/EXAONE-4.0-1.2B,parallel,0.2472121591466936,"exact_match,strict_match",EXAONE,1.2B,1200000000.0,instruct,open
LGAI-EXAONE/EXAONE-4.0-32B,nonparallel,0.5106617647058824,"exact_match,strict_match",EXAONE,32B,32000000000.0,instruct,open
LGAI-EXAONE/EXAONE-4.0-32B,parallel,0.3331591811815881,"exact_match,strict_match",EXAONE,32B,32000000000.0,instruct,open
LumiOpen/Llama-Poro-2-70B-Instruct,nonparallel,0.012647058823529414,"exact_match,strict_match",Poro,70B,70000000000.0,instruct,open
LumiOpen/Llama-Poro-2-70B-Instruct,parallel,0.01208033795301267,"exact_match,strict_match",Poro,70B,70000000000.0,instruct,open
LumiOpen/Llama-Poro-2-70B-base,nonparallel,0.624485294117647,"acc,none",Poro,70B,70000000000.0,base,open
LumiOpen/Llama-Poro-2-70B-base,parallel,0.2956685277954906,"acc,none",Poro,70B,70000000000.0,base,open
LumiOpen/Llama-Poro-2-8B-Instruct,nonparallel,0.631985294117647,"exact_match,strict_match",Poro,8B,8000000000.0,instruct,open
LumiOpen/Llama-Poro-2-8B-Instruct,parallel,0.3833538916034937,"exact_match,strict_match",Poro,8B,8000000000.0,instruct,open
LumiOpen/Llama-Poro-2-8B-base,nonparallel,0.5425,"acc,none",Poro,8B,8000000000.0,base,open
LumiOpen/Llama-Poro-2-8B-base,parallel,0.2439380008555958,"acc,none",Poro,8B,8000000000.0,base,open
LumiOpen/Viking-13B,nonparallel,0.5260294117647059,"acc,none",Viking,13B,13000000000.0,base,open
LumiOpen/Viking-13B,parallel,0.22933637023377723,"acc,none",Viking,13B,13000000000.0,base,open
LumiOpen/Viking-33B,nonparallel,0.5395588235294118,"acc,none",Viking,33B,33000000000.0,base,open
LumiOpen/Viking-33B,parallel,0.2353380153845815,"acc,none",Viking,33B,33000000000.0,base,open
LumiOpen/Viking-7B,nonparallel,0.5116911764705883,"acc,none",Viking,7B,7000000000.0,base,open
LumiOpen/Viking-7B,parallel,0.22222303754128467,"acc,none",Viking,7B,7000000000.0,base,open
Qwen/Qwen2.5-0.5B-Instruct,nonparallel,0.4963235294117647,"exact_match,strict_match",Qwen2.5,500M,500000000.0,instruct,open
Qwen/Qwen2.5-0.5B-Instruct,parallel,0.2399447311513927,"exact_match,strict_match",Qwen2.5,500M,500000000.0,instruct,open
Qwen/Qwen2.5-1.5B,nonparallel,0.49874999999999997,"acc,none",Qwen2.5,1.5B,1500000000.0,base,open
Qwen/Qwen2.5-1.5B,parallel,0.2222971500440639,"acc,none",Qwen2.5,1.5B,1500000000.0,base,open
Qwen/Qwen2.5-1.5B-Instruct,nonparallel,0.5376470588235294,"exact_match,strict_match",Qwen2.5,1.5B,1500000000.0,instruct,open
Qwen/Qwen2.5-1.5B-Instruct,parallel,0.3007837580615691,"exact_match,strict_match",Qwen2.5,1.5B,1500000000.0,instruct,open
Qwen/Qwen2.5-14B,nonparallel,0.5639705882352941,"acc,none",Qwen2.5,14B,14000000000.0,base,open
Qwen/Qwen2.5-14B,parallel,0.26283522148998417,"acc,none",Qwen2.5,14B,14000000000.0,base,open
Qwen/Qwen2.5-14B-Instruct,nonparallel,0.7336764705882353,"exact_match,strict_match",Qwen2.5,14B,14000000000.0,instruct,open
Qwen/Qwen2.5-14B-Instruct,parallel,0.48977651044582704,"exact_match,strict_match",Qwen2.5,14B,14000000000.0,instruct,open
Qwen/Qwen2.5-32B,nonparallel,0.5769117647058825,"acc,none",Qwen2.5,32B,32000000000.0,base,open
Qwen/Qwen2.5-32B,parallel,0.2774324493888653,"acc,none",Qwen2.5,32B,32000000000.0,base,open
Qwen/Qwen2.5-32B-Instruct,nonparallel,0.7515441176470589,"exact_match,strict_match",Qwen2.5,32B,32000000000.0,instruct,open
Qwen/Qwen2.5-32B-Instruct,parallel,0.5643351558160337,"exact_match,strict_match",Qwen2.5,32B,32000000000.0,instruct,open
Qwen/Qwen2.5-3B,nonparallel,0.5173529411764706,"acc,none",Qwen2.5,3B,3000000000.0,base,open
Qwen/Qwen2.5-3B,parallel,0.23467247043388098,"acc,none",Qwen2.5,3B,3000000000.0,base,open
Qwen/Qwen2.5-3B-Instruct,nonparallel,0.6017647058823529,"exact_match,strict_match",Qwen2.5,3B,3000000000.0,instruct,open
Qwen/Qwen2.5-3B-Instruct,parallel,0.3542188725653859,"exact_match,strict_match",Qwen2.5,3B,3000000000.0,instruct,open
Qwen/Qwen2.5-72B,nonparallel,0.6019852941176471,"acc,none",Qwen2.5,72B,72000000000.0,base,open
Qwen/Qwen2.5-72B,parallel,0.2984833353267884,"acc,none",Qwen2.5,72B,72000000000.0,base,open
Qwen/Qwen2.5-72B-Instruct,nonparallel,0.7833088235294118,"exact_match,strict_match",Qwen2.5,72B,72000000000.0,instruct,open
Qwen/Qwen2.5-72B-Instruct,parallel,0.607845065244685,"exact_match,strict_match",Qwen2.5,72B,72000000000.0,instruct,open
Qwen/Qwen2.5-7B,nonparallel,0.5355882352941177,"acc,none",Qwen2.5,7B,7000000000.0,base,open
Qwen/Qwen2.5-7B,parallel,0.25127513863073847,"acc,none",Qwen2.5,7B,7000000000.0,base,open
Qwen/Qwen2.5-7B-Instruct,nonparallel,0.665,"exact_match,strict_match",Qwen2.5,7B,7000000000.0,instruct,open
Qwen/Qwen2.5-7B-Instruct,parallel,0.42100304301533686,"exact_match,strict_match",Qwen2.5,7B,7000000000.0,instruct,open
Qwen/Qwen3-0.6B,nonparallel,0.5388235294117647,"exact_match,strict_match",Qwen3,600M,600000000.0,instruct,open
Qwen/Qwen3-0.6B,parallel,0.3032338733762207,"exact_match,strict_match",Qwen3,600M,600000000.0,instruct,open
Qwen/Qwen3-1.7B,nonparallel,0.6077205882352941,"exact_match,strict_match",Qwen3,1.7B,1700000000.0,instruct,open
Qwen/Qwen3-1.7B,parallel,0.4148326268185997,"exact_match,strict_match",Qwen3,1.7B,1700000000.0,instruct,open
Qwen/Qwen3-14B,nonparallel,0.7705882352941176,"exact_match,strict_match",Qwen3,14B,14000000000.0,instruct,open
Qwen/Qwen3-14B,parallel,0.641031323172338,"exact_match,strict_match",Qwen3,14B,14000000000.0,instruct,open
Qwen/Qwen3-32B,nonparallel,0.759485294117647,"exact_match,strict_match",Qwen3,32B,32000000000.0,instruct,open
Qwen/Qwen3-32B,parallel,0.6076095195675351,"exact_match,strict_match",Qwen3,32B,32000000000.0,instruct,open
Qwen/Qwen3-4B,nonparallel,0.705514705882353,"exact_match,strict_match",Qwen3,4B,4000000000.0,instruct,open
Qwen/Qwen3-4B,parallel,0.5303087115944976,"exact_match,strict_match",Qwen3,4B,4000000000.0,instruct,open
Qwen/Qwen3-8B,nonparallel,0.7402941176470589,"exact_match,strict_match",Qwen3,8B,8000000000.0,instruct,open
Qwen/Qwen3-8B,parallel,0.5838949862524976,"exact_match,strict_match",Qwen3,8B,8000000000.0,instruct,open
Qwen/Qwen3.5-0.8B,nonparallel,0.5248529411764705,"exact_match,strict_match",Qwen3.5,800M,800000000.0,instruct,open
Qwen/Qwen3.5-0.8B,parallel,0.2726122015595912,"exact_match,strict_match",Qwen3.5,800M,800000000.0,instruct,open
Qwen/Qwen3.5-0.8B-Base,nonparallel,0.5181896551724139,"acc,none",Qwen3.5,800M,800000000.0,base,open
Qwen/Qwen3.5-0.8B-Base,parallel,0.22409551331346717,"acc,none",Qwen3.5,800M,800000000.0,base,open
Qwen/Qwen3.5-27B,nonparallel,0.7851470588235294,"exact_match,strict_match",Qwen3.5,27B,27000000000.0,instruct,open
Qwen/Qwen3.5-27B,parallel,0.7161058209133742,"exact_match,strict_match",Qwen3.5,27B,27000000000.0,instruct,open
Qwen/Qwen3.5-2B,nonparallel,0.5884558823529412,"exact_match,strict_match",Qwen3.5,2B,2000000000.0,instruct,open
Qwen/Qwen3.5-2B,parallel,0.31398312142783236,"exact_match,strict_match",Qwen3.5,2B,2000000000.0,instruct,open
Qwen/Qwen3.5-2B-Base,nonparallel,0.5449137931034482,"acc,none",Qwen3.5,2B,2000000000.0,base,open
Qwen/Qwen3.5-2B-Base,parallel,0.23858577453619143,"acc,none",Qwen3.5,2B,2000000000.0,base,open
Qwen/Qwen3.5-4B,nonparallel,0.6215441176470589,"exact_match,strict_match",Qwen3.5,4B,4000000000.0,instruct,open
Qwen/Qwen3.5-4B,parallel,0.4757501689544928,"exact_match,strict_match",Qwen3.5,4B,4000000000.0,instruct,open
Qwen/Qwen3.5-4B-Base,nonparallel,0.5946551724137932,"acc,none",Qwen3.5,4B,4000000000.0,base,open
Qwen/Qwen3.5-4B-Base,parallel,0.25473571325579153,"acc,none",Qwen3.5,4B,4000000000.0,base,open
Qwen/Qwen3.5-9B,nonparallel,0.7347058823529412,"exact_match,strict_match",Qwen3.5,9B,9000000000.0,instruct,open
Qwen/Qwen3.5-9B,parallel,0.5866980531892958,"exact_match,strict_match",Qwen3.5,9B,9000000000.0,instruct,open
Qwen/Qwen3.5-9B-Base,nonparallel,0.6261206896551725,"acc,none",Qwen3.5,9B,9000000000.0,base,open
Qwen/Qwen3.5-9B-Base,parallel,0.2809796452946265,"acc,none",Qwen3.5,9B,9000000000.0,base,open
Sahabat-AI/Llama-Sahabat-AI-v2-70B-IT,nonparallel,0.7877205882352941,"exact_match,strict_match",Sahabat,70B,70000000000.0,instruct,open
Sahabat-AI/Llama-Sahabat-AI-v2-70B-IT,parallel,0.5648466054639258,"exact_match,strict_match",Sahabat,70B,70000000000.0,instruct,open
SeaLLMs/SeaLLMs-v3-1.5B,nonparallel,0.49588235294117644,"acc,none",SeaLLM,1.5B,1500000000.0,base,open
SeaLLMs/SeaLLMs-v3-1.5B,parallel,0.22704475294487128,"acc,none",SeaLLM,1.5B,1500000000.0,base,open
SeaLLMs/SeaLLMs-v3-1.5B-Chat,nonparallel,0.5156617647058823,"exact_match,strict_match",SeaLLM,1.5B,1500000000.0,instruct,open
SeaLLMs/SeaLLMs-v3-1.5B-Chat,parallel,0.20457692400826827,"exact_match,strict_match",SeaLLM,1.5B,1500000000.0,instruct,open
SeaLLMs/SeaLLMs-v3-7B,nonparallel,0.534264705882353,"acc,none",SeaLLM,7B,7000000000.0,base,open
SeaLLMs/SeaLLMs-v3-7B,parallel,0.24424032116396255,"acc,none",SeaLLM,7B,7000000000.0,base,open
SeaLLMs/SeaLLMs-v3-7B-Chat,nonparallel,0.5877941176470588,"exact_match,strict_match",SeaLLM,7B,7000000000.0,instruct,open
SeaLLMs/SeaLLMs-v3-7B-Chat,parallel,0.32314812300914375,"exact_match,strict_match",SeaLLM,7B,7000000000.0,instruct,open
Tower-Babel/Babel-83B-Chat,nonparallel,0.6245588235294117,"exact_match,strict_match",Babel,83B,83000000000.0,instruct,open
Tower-Babel/Babel-83B-Chat,parallel,0.35843888250086403,"exact_match,strict_match",Babel,83B,83000000000.0,instruct,open
Tower-Babel/Babel-9B,nonparallel,0.5469117647058823,"acc,none",Babel,9B,9000000000.0,base,open
Tower-Babel/Babel-9B,parallel,0.2504613686744795,"acc,none",Babel,9B,9000000000.0,base,open
Tower-Babel/Babel-9B-Chat,nonparallel,0.5846323529411765,"exact_match,strict_match",Babel,9B,9000000000.0,instruct,open
Tower-Babel/Babel-9B-Chat,parallel,0.37445598854705003,"exact_match,strict_match",Babel,9B,9000000000.0,instruct,open
TucanoBR/Tucano-1b1,nonparallel,0.47970588235294126,"acc,none",Tucano,1.1B,1100000000.0,base,open
TucanoBR/Tucano-1b1,parallel,0.21288779733972804,"acc,none",Tucano,1.1B,1100000000.0,base,open
TucanoBR/Tucano-1b1-Instruct,nonparallel,0.08080882352941178,"exact_match,strict_match",Tucano,1.1B,1100000000.0,instruct,open
TucanoBR/Tucano-1b1-Instruct,parallel,0.0499591647447558,"exact_match,strict_match",Tucano,1.1B,1100000000.0,instruct,open
TucanoBR/Tucano-2b4,nonparallel,0.4805147058823529,"acc,none",Tucano,2.4B,2400000000.0,base,open
TucanoBR/Tucano-2b4,parallel,0.21206815708621923,"acc,none",Tucano,2.4B,2400000000.0,base,open
TucanoBR/Tucano-2b4-Instruct,nonparallel,0.0010294117647058824,"exact_match,strict_match",Tucano,2.4B,2400000000.0,instruct,open
TucanoBR/Tucano-2b4-Instruct,parallel,0.0006670125250129697,"exact_match,strict_match",Tucano,2.4B,2400000000.0,instruct,open
Unbabel/TowerBase-13B-v0.1,nonparallel,0.53375,"acc,none",Tower,13B,13000000000.0,base,open
Unbabel/TowerBase-13B-v0.1,parallel,0.23437602042276412,"acc,none",Tower,13B,13000000000.0,base,open
Unbabel/TowerBase-7B-v0.1,nonparallel,0.5200735294117649,"acc,none",Tower,7B,7000000000.0,base,open
Unbabel/TowerBase-7B-v0.1,parallel,0.22518460250382852,"acc,none",Tower,7B,7000000000.0,base,open
Unbabel/TowerInstruct-13B-v0.1,nonparallel,0.5261764705882354,"exact_match,strict_match",Tower,13B,13000000000.0,instruct,open
Unbabel/TowerInstruct-13B-v0.1,parallel,0.2621029019080667,"exact_match,strict_match",Tower,13B,13000000000.0,instruct,open
Unbabel/TowerInstruct-7B-v0.1,nonparallel,0.523014705882353,"exact_match,strict_match",Tower,7B,7000000000.0,instruct,open
Unbabel/TowerInstruct-7B-v0.1,parallel,0.2245917024815948,"exact_match,strict_match",Tower,7B,7000000000.0,instruct,open
Yellow-AI-NLP/komodo-7b-base,nonparallel,0.5033088235294118,"acc,none",Komodo,7B,7000000000.0,base,open
Yellow-AI-NLP/komodo-7b-base,parallel,0.21295897469388234,"acc,none",Komodo,7B,7000000000.0,base,open
aisingapore/Gemma-SEA-LION-v3-9B,nonparallel,0.6167241379310345,"acc,none",SEA LION,9B,9000000000.0,base,open
aisingapore/Gemma-SEA-LION-v3-9B,parallel,0.26565654138229355,"acc,none",SEA LION,9B,9000000000.0,base,open
aisingapore/Gemma-SEA-LION-v3-9B-IT,nonparallel,0.7386029411764705,"exact_match,strict_match",SEA LION,9B,9000000000.0,instruct,open
aisingapore/Gemma-SEA-LION-v3-9B-IT,parallel,0.5203093940165527,"exact_match,strict_match",SEA LION,9B,9000000000.0,instruct,open
aisingapore/Llama-SEA-LION-v3-70B-IT,nonparallel,0.7960294117647058,"exact_match,strict_match",SEA LION,70B,70000000000.0,instruct,open
aisingapore/Llama-SEA-LION-v3-70B-IT,parallel,0.5996794817701588,"exact_match,strict_match",SEA LION,70B,70000000000.0,instruct,open
aisingapore/Llama-SEA-LION-v3-8B,nonparallel,0.5802586206896552,"acc,none",SEA LION,8B,8000000000.0,base,open
aisingapore/Llama-SEA-LION-v3-8B,parallel,0.24950359872152256,"acc,none",SEA LION,8B,8000000000.0,base,open
aisingapore/Llama-SEA-LION-v3-8B-IT,nonparallel,0.6685294117647059,"exact_match,strict_match",SEA LION,8B,8000000000.0,instruct,open
aisingapore/Llama-SEA-LION-v3-8B-IT,parallel,0.40536236978029677,"exact_match,strict_match",SEA LION,8B,8000000000.0,instruct,open
bertin-project/Gromenauer-7B,nonparallel,0.5329310344827587,"acc,none",Gromenauer,7B,7000000000.0,base,open
bertin-project/Gromenauer-7B,parallel,0.23038952105161967,"acc,none",Gromenauer,7B,7000000000.0,base,open
bigscience/bloom-1b1,nonparallel,0.4996551724137931,"acc,none",BLOOM,1.1B,1100000000.0,base,open
bigscience/bloom-1b1,parallel,0.21643771628376424,"acc,none",BLOOM,1.1B,1100000000.0,base,open
bigscience/bloom-1b7,nonparallel,0.5089655172413793,"acc,none",BLOOM,1.7B,1700000000.0,base,open
bigscience/bloom-1b7,parallel,0.21149698404306444,"acc,none",BLOOM,1.7B,1700000000.0,base,open
bigscience/bloom-3b,nonparallel,0.5156896551724138,"acc,none",BLOOM,3B,3000000000.0,base,open
bigscience/bloom-3b,parallel,0.21628601725463803,"acc,none",BLOOM,3B,3000000000.0,base,open
bigscience/bloom-560m,nonparallel,0.4971551724137932,"acc,none",BLOOM,560M,560000000.0,base,open
bigscience/bloom-560m,parallel,0.2115863512928962,"acc,none",BLOOM,560M,560000000.0,base,open
bigscience/bloom-7b1,nonparallel,0.5237068965517242,"acc,none",BLOOM,7.1B,7100000000.0,base,open
bigscience/bloom-7b1,parallel,0.22334002210900694,"acc,none",BLOOM,7.1B,7100000000.0,base,open
croissantllm/CroissantLLMBase,nonparallel,0.4875,"acc,none",CroissantLLM,1.3B,1300000000.0,base,open
croissantllm/CroissantLLMBase,parallel,0.21317984462790748,"acc,none",CroissantLLM,1.3B,1300000000.0,base,open
croissantllm/CroissantLLMChat-v0.1,nonparallel,0.13139705882352942,"exact_match,strict_match",CroissantLLM,1.3B,1300000000.0,instruct,open
croissantllm/CroissantLLMChat-v0.1,parallel,0.08583695396146002,"exact_match,strict_match",CroissantLLM,1.3B,1300000000.0,instruct,open
deepseek-ai/DeepSeek-R1-Distill-Qwen-1.5B,nonparallel,0.27875,"exact_match,strict_match",Deepseek,1.5B,1500000000.0,instruct,open
deepseek-ai/DeepSeek-R1-Distill-Qwen-1.5B,parallel,0.07723256576750834,"exact_match,strict_match",Deepseek,1.5B,1500000000.0,instruct,open
deepseek-ai/DeepSeek-R1-Distill-Qwen-14B,nonparallel,0.7072794117647059,"exact_match,strict_match",Deepseek,14B,14000000000.0,instruct,open
deepseek-ai/DeepSeek-R1-Distill-Qwen-14B,parallel,0.5176340060449386,"exact_match,strict_match",Deepseek,14B,14000000000.0,instruct,open
deepseek-ai/DeepSeek-R1-Distill-Qwen-32B,nonparallel,0.7223529411764706,"exact_match,strict_match",Deepseek,32B,32000000000.0,instruct,open
deepseek-ai/DeepSeek-R1-Distill-Qwen-32B,parallel,0.5646242679555883,"exact_match,strict_match",Deepseek,32B,32000000000.0,instruct,open
deepseek-ai/DeepSeek-R1-Distill-Qwen-7B,nonparallel,0.5554411764705883,"exact_match,strict_match",Deepseek,7B,7000000000.0,instruct,open
deepseek-ai/DeepSeek-R1-Distill-Qwen-7B,parallel,0.3561369921917708,"exact_match,strict_match",Deepseek,7B,7000000000.0,instruct,open
facebook/xglm-1.7B,nonparallel,0.5033620689655172,"acc,none",XGLM,1.7B,1700000000.0,base,open
facebook/xglm-1.7B,parallel,0.21347207536287605,"acc,none",XGLM,1.7B,1700000000.0,base,open
facebook/xglm-2.9B,nonparallel,0.5105172413793104,"acc,none",XGLM,2.9B,2900000000.0,base,open
facebook/xglm-2.9B,parallel,0.21999813755647404,"acc,none",XGLM,2.9B,2900000000.0,base,open
facebook/xglm-4.5B,nonparallel,0.5344827586206897,"acc,none",XGLM,4.5B,4500000000.0,base,open
facebook/xglm-4.5B,parallel,0.22735403849851,"acc,none",XGLM,4.5B,4500000000.0,base,open
facebook/xglm-564M,nonparallel,0.49206896551724144,"acc,none",XGLM,564M,564000000.0,base,open
facebook/xglm-564M,parallel,0.21559736374122843,"acc,none",XGLM,564M,564000000.0,base,open
facebook/xglm-7.5B,nonparallel,0.5080882352941176,"acc,none",XGLM,7.5B,7500000000.0,base,open
facebook/xglm-7.5B,parallel,0.2179230448057775,"acc,none",XGLM,7.5B,7500000000.0,base,open
gemini-3.1-flash-lite-preview,nonparallel,0.9200735294117647,exact_match,Gemini,XXX,,instruct,closed
gemini-3.1-flash-lite-preview,parallel,0.8874583300618656,exact_match,Gemini,XXX,,instruct,closed
gemini-3.1-pro-preview,nonparallel,0.9393382352941176,exact_match,Gemini,XXX,,instruct,closed
gemini-3.1-pro-preview,parallel,0.9683268111884932,exact_match,Gemini,XXX,,instruct,closed
google/gemma-2-27b,nonparallel,0.6336764705882354,"acc,none",Gemma2,27B,27000000000.0,base,open
google/gemma-2-27b,parallel,0.30663571063250245,"acc,none",Gemma2,27B,27000000000.0,base,open
google/gemma-2-27b-it,nonparallel,0.7341176470588235,"exact_match,strict_match",Gemma2,27B,27000000000.0,instruct,open
google/gemma-2-27b-it,parallel,0.5453608875302411,"exact_match,strict_match",Gemma2,27B,27000000000.0,instruct,open
google/gemma-2-2b-it,nonparallel,0.584264705882353,"exact_match,strict_match",Gemma2,2B,2000000000.0,instruct,open
google/gemma-2-2b-it,parallel,0.34093952639909364,"exact_match,strict_match",Gemma2,2B,2000000000.0,instruct,open
google/gemma-2-9b,nonparallel,0.6049264705882352,"acc,none",Gemma2,9B,9000000000.0,base,open
google/gemma-2-9b,parallel,0.27254689450268677,"acc,none",Gemma2,9B,9000000000.0,base,open
google/gemma-2-9b-it,nonparallel,0.682720588235294,"exact_match,strict_match",Gemma2,9B,9000000000.0,instruct,open
google/gemma-2-9b-it,parallel,0.4744117411815294,"exact_match,strict_match",Gemma2,9B,9000000000.0,instruct,open
google/gemma-3-12b-it,nonparallel,0.780735294117647,"exact_match,strict_match",Gemma3,12B,12000000000.0,instruct,open
google/gemma-3-12b-it,parallel,0.5918947338297159,"exact_match,strict_match",Gemma3,12B,12000000000.0,instruct,open
google/gemma-3-12b-pt,nonparallel,0.6421323529411764,"acc,none",Gemma3,12B,12000000000.0,base,open
google/gemma-3-12b-pt,parallel,0.29329546013224317,"acc,none",Gemma3,12B,12000000000.0,base,open
google/gemma-3-1b-it,nonparallel,0.5459558823529411,"exact_match,strict_match",Gemma3,1B,1000000000.0,instruct,open
google/gemma-3-1b-it,parallel,0.27047761472211845,"exact_match,strict_match",Gemma3,1B,1000000000.0,instruct,open
google/gemma-3-1b-pt,nonparallel,0.5470689655172414,"acc,none",Gemma3,1B,1000000000.0,base,open
google/gemma-3-1b-pt,parallel,0.22993592593482642,"acc,none",Gemma3,1B,1000000000.0,base,open
google/gemma-3-270m,nonparallel,0.4976724137931034,"acc,none",Gemma3,270M,270000000.0,base,open
google/gemma-3-270m,parallel,0.21112674829376135,"acc,none",Gemma3,270M,270000000.0,base,open
google/gemma-3-270m-it,nonparallel,0.1575,"exact_match,strict_match",Gemma3,270M,270000000.0,instruct,open
google/gemma-3-270m-it,parallel,0.03284211175138117,"exact_match,strict_match",Gemma3,270M,270000000.0,instruct,open
google/gemma-3-27b-it,nonparallel,0.8168382352941176,"exact_match,strict_match",Gemma3,27B,27000000000.0,instruct,open
google/gemma-3-27b-it,parallel,0.6537133665934591,"exact_match,strict_match",Gemma3,27B,27000000000.0,instruct,open
google/gemma-3-27b-pt,nonparallel,0.6733088235294118,"acc,none",Gemma3,27B,27000000000.0,base,open
google/gemma-3-27b-pt,parallel,0.32924295912878915,"acc,none",Gemma3,27B,27000000000.0,base,open
google/gemma-3-4b-it,nonparallel,0.6759558823529412,"exact_match,strict_match",Gemma3,4B,4000000000.0,instruct,open
google/gemma-3-4b-it,parallel,0.42788376517930454,"exact_match,strict_match",Gemma3,4B,4000000000.0,instruct,open
google/gemma-3-4b-pt,nonparallel,0.5883088235294117,"acc,none",Gemma3,4B,4000000000.0,base,open
google/gemma-3-4b-pt,parallel,0.25808908616348925,"acc,none",Gemma3,4B,4000000000.0,base,open
google/gemma-4-31B-it,nonparallel,0.8491911764705883,"exact_match,strict_match",Gemma4,31B,31000000000.0,instruct,open
google/gemma-4-31B-it,parallel,0.8235616120716792,"exact_match,strict_match",Gemma4,31B,31000000000.0,instruct,open
google/gemma-4-E2B,nonparallel,0.6023275862068966,"acc,none",Gemma4,5B,5000000000.0,base,open
google/gemma-4-E2B,parallel,0.2560281589445351,"acc,none",Gemma4,5B,5000000000.0,base,open
google/gemma-4-E2B-it,nonparallel,0.7208088235294118,"exact_match,strict_match",Gemma4,5B,5000000000.0,instruct,open
google/gemma-4-E2B-it,parallel,0.48569592007003265,"exact_match,strict_match",Gemma4,5B,5000000000.0,instruct,open
google/gemma-4-E4B,nonparallel,0.6480172413793104,"acc,none",Gemma4,8B,8000000000.0,base,open
google/gemma-4-E4B,parallel,0.279623365856003,"acc,none",Gemma4,8B,8000000000.0,base,open
google/gemma-4-E4B-it,nonparallel,0.7983088235294117,"exact_match,strict_match",Gemma4,8B,8000000000.0,instruct,open
google/gemma-4-E4B-it,parallel,0.668156499189532,"exact_match,strict_match",Gemma4,8B,8000000000.0,instruct,open
gpt-5-4,nonparallel,0.9127205882352941,exact_match,GPT,XXX,,instruct,closed
gpt-5-4,parallel,0.9118472137734783,exact_match,GPT,XXX,,instruct,closed
gpt-5-4-mini,nonparallel,0.8962061794414735,exact_match,GPT,XXX,,instruct,closed
gpt-5-4-mini,parallel,0.8522664304044679,exact_match,GPT,XXX,,instruct,closed
gpt-5-4-nano,nonparallel,0.8536764705882354,exact_match,GPT,XXX,,instruct,closed
gpt-5-4-nano,parallel,0.7633009820964134,exact_match,GPT,XXX,,instruct,closed
ilsp/Llama-Krikri-8B-Base,nonparallel,0.5398529411764706,"acc,none",Krikri,8B,8000000000.0,base,open
ilsp/Llama-Krikri-8B-Base,parallel,0.24253133087710307,"acc,none",Krikri,8B,8000000000.0,base,open
ilsp/Llama-Krikri-8B-Instruct,nonparallel,0.6277205882352942,"exact_match,strict_match",Krikri,8B,8000000000.0,instruct,open
ilsp/Llama-Krikri-8B-Instruct,parallel,0.37253640134635263,"exact_match,strict_match",Krikri,8B,8000000000.0,instruct,open
ilsp/Meltemi-7B-Instruct-v1.5,nonparallel,0.46492647058823533,"exact_match,strict_match",Meltemi,7B,7000000000.0,instruct,open
ilsp/Meltemi-7B-Instruct-v1.5,parallel,0.22540987516079106,"exact_match,strict_match",Meltemi,7B,7000000000.0,instruct,open
ilsp/Meltemi-7B-v1.5,nonparallel,0.5166911764705882,"acc,none",Meltemi,7B,7000000000.0,base,open
ilsp/Meltemi-7B-v1.5,parallel,0.21814538231411518,"acc,none",Meltemi,7B,7000000000.0,base,open
kakaocorp/kanana-1.5-8b-base,nonparallel,0.5072058823529412,"acc,none",Kanana,8B,8000000000.0,base,open
kakaocorp/kanana-1.5-8b-base,parallel,0.22785412017819284,"acc,none",Kanana,8B,8000000000.0,base,open
kakaocorp/kanana-1.5-8b-instruct-2505,nonparallel,0.6011029411764706,"exact_match,strict_match",Kanana,8B,8000000000.0,instruct,open
kakaocorp/kanana-1.5-8b-instruct-2505,parallel,0.3800944090555205,"exact_match,strict_match",Kanana,8B,8000000000.0,instruct,open
lelapa/InkubaLM-0.4B,nonparallel,0.47345588235294117,"acc,none",Inkuba,400M,400000000.0,base,open
lelapa/InkubaLM-0.4B,parallel,0.21400095245572875,"acc,none",Inkuba,400M,400000000.0,base,open
meta-llama/Llama-3.1-70B,nonparallel,0.6402941176470588,"acc,none",Llama,70B,70000000000.0,base,open
meta-llama/Llama-3.1-70B,parallel,0.30700920829502354,"acc,none",Llama,70B,70000000000.0,base,open
meta-llama/Llama-3.1-70B-Instruct,nonparallel,0.7616176470588235,"exact_match,strict_match",Llama,70B,70000000000.0,instruct,open
meta-llama/Llama-3.1-70B-Instruct,parallel,0.5114841358885759,"exact_match,strict_match",Llama,70B,70000000000.0,instruct,open
meta-llama/Llama-3.1-8B,nonparallel,0.5691176470588236,"acc,none",Llama,8B,8000000000.0,base,open
meta-llama/Llama-3.1-8B,parallel,0.25194508630437634,"acc,none",Llama,8B,8000000000.0,base,open
meta-llama/Llama-3.1-8B-Instruct,nonparallel,0.6097058823529412,"exact_match,strict_match",Llama,8B,8000000000.0,instruct,open
meta-llama/Llama-3.1-8B-Instruct,parallel,0.3583691727210222,"exact_match,strict_match",Llama,8B,8000000000.0,instruct,open
meta-llama/Llama-3.2-1B-Instruct,nonparallel,0.5326470588235294,"exact_match,strict_match",Llama,1B,1000000000.0,instruct,open
meta-llama/Llama-3.2-1B-Instruct,parallel,0.24386535592712905,"exact_match,strict_match",Llama,1B,1000000000.0,instruct,open
meta-llama/Llama-3.2-3B,nonparallel,0.5358088235294118,"acc,none",Llama,3B,3000000000.0,base,open
meta-llama/Llama-3.2-3B,parallel,0.24052882572775172,"acc,none",Llama,3B,3000000000.0,base,open
meta-llama/Llama-3.2-3B-Instruct,nonparallel,0.5117647058823529,"exact_match,strict_match",Llama,3B,3000000000.0,instruct,open
meta-llama/Llama-3.2-3B-Instruct,parallel,0.2736512441728127,"exact_match,strict_match",Llama,3B,3000000000.0,instruct,open
microsoft/Phi-3-medium-4k-instruct,nonparallel,0.5947794117647058,"exact_match,strict_match",Phi3,14B,14000000000.0,instruct,open
microsoft/Phi-3-medium-4k-instruct,parallel,0.35607315270917883,"exact_match,strict_match",Phi3,14B,14000000000.0,instruct,open
microsoft/Phi-3-mini-4k-instruct,nonparallel,0.5522058823529412,"exact_match,strict_match",Phi3,3.8B,3800000000.0,instruct,open
microsoft/Phi-3-mini-4k-instruct,parallel,0.29041094282110336,"exact_match,strict_match",Phi3,3.8B,3800000000.0,instruct,open
microsoft/Phi-3.5-mini-instruct,nonparallel,0.5694117647058823,"exact_match,strict_match",Phi3,3.8B,3800000000.0,instruct,open
microsoft/Phi-3.5-mini-instruct,parallel,0.32006034665572836,"exact_match,strict_match",Phi3,3.8B,3800000000.0,instruct,open
microsoft/Phi-4-mini-instruct,nonparallel,0.5850735294117646,"exact_match,strict_match",Phi4,3.8B,3800000000.0,instruct,open
microsoft/Phi-4-mini-instruct,parallel,0.3351792972226889,"exact_match,strict_match",Phi4,3.8B,3800000000.0,instruct,open
microsoft/phi-4,nonparallel,0.7420588235294118,"exact_match,strict_match",Phi4,15B,15000000000.0,instruct,open
microsoft/phi-4,parallel,0.4645782595008927,"exact_match,strict_match",Phi4,15B,15000000000.0,instruct,open
mistralai/Mistral-7B-Instruct-v0.1,nonparallel,0.5357352941176471,"exact_match,strict_match",Mistral,7B,7000000000.0,instruct,open
mistralai/Mistral-7B-Instruct-v0.1,parallel,0.25023756359182947,"exact_match,strict_match",Mistral,7B,7000000000.0,instruct,open
mistralai/Mistral-7B-Instruct-v0.3,nonparallel,0.545514705882353,"exact_match,strict_match",Mistral,7B,7000000000.0,instruct,open
mistralai/Mistral-7B-Instruct-v0.3,parallel,0.2424498805027616,"exact_match,strict_match",Mistral,7B,7000000000.0,instruct,open
mistralai/Mistral-7B-v0.1,nonparallel,0.5333823529411765,"acc,none",Mistral,7B,7000000000.0,base,open
mistralai/Mistral-7B-v0.1,parallel,0.23511861302486875,"acc,none",Mistral,7B,7000000000.0,base,open
mistralai/Mistral-Small-Instruct-2409,nonparallel,0.5450735294117647,"exact_match,strict_match",Mistral,22B,22000000000.0,instruct,open
mistralai/Mistral-Small-Instruct-2409,parallel,0.26713374665117884,"exact_match,strict_match",Mistral,22B,22000000000.0,instruct,open
mistralai/Mixtral-8x7B-v0.1,nonparallel,0.5616911764705883,"acc,none",Mistral,7B,7000000000.0,base,open
mistralai/Mixtral-8x7B-v0.1,parallel,0.25201626365853064,"acc,none",Mistral,7B,7000000000.0,base,open
naver-hyperclovax/HyperCLOVAX-SEED-Text-Instruct-0.5B,nonparallel,0.49,"exact_match,strict_match",HyperClovaX,500M,500000000.0,instruct,open
naver-hyperclovax/HyperCLOVAX-SEED-Text-Instruct-0.5B,parallel,0.23141298788590778,"exact_match,strict_match",HyperClovaX,500M,500000000.0,instruct,open
openai/gpt-oss-120b,nonparallel,0.6952205882352941,"exact_match,strict_match",GPT-oss,120B,120000000000.0,instruct,open
openai/gpt-oss-120b,parallel,0.47998485463309537,"exact_match,strict_match",GPT-oss,120B,120000000000.0,instruct,open
openai/gpt-oss-20b,nonparallel,0.778235294117647,"exact_match,strict_match",GPT-oss,20B,20000000000.0,instruct,open
openai/gpt-oss-20b,parallel,0.6555471006968776,"exact_match,strict_match",GPT-oss,20B,20000000000.0,instruct,open
sail/Sailor2-1B,nonparallel,0.4870588235294118,"acc,none",Sailor,1B,1000000000.0,base,open
sail/Sailor2-1B,parallel,0.21044501989663872,"acc,none",Sailor,1B,1000000000.0,base,open
sail/Sailor2-1B-Chat,nonparallel,0.47551470588235284,"exact_match,strict_match",Sailor,1B,1000000000.0,instruct,open
sail/Sailor2-1B-Chat,parallel,0.2450452856743467,"exact_match,strict_match",Sailor,1B,1000000000.0,instruct,open
sail/Sailor2-20B,nonparallel,0.5635294117647058,"acc,none",Sailor,20B,20000000000.0,base,open
sail/Sailor2-20B,parallel,0.25786968380377645,"acc,none",Sailor,20B,20000000000.0,base,open
sail/Sailor2-20B-Chat,nonparallel,0.6858088235294117,"exact_match,strict_match",Sailor,20B,20000000000.0,instruct,open
sail/Sailor2-20B-Chat,parallel,0.4593903843063473,"exact_match,strict_match",Sailor,20B,20000000000.0,instruct,open
sail/Sailor2-8B,nonparallel,0.5288235294117647,"acc,none",Sailor,8B,8000000000.0,base,open
sail/Sailor2-8B,parallel,0.24690396854107696,"acc,none",Sailor,8B,8000000000.0,base,open
sail/Sailor2-8B-Chat,nonparallel,0.6175,"exact_match,strict_match",Sailor,8B,8000000000.0,instruct,open
sail/Sailor2-8B-Chat,parallel,0.3697069180719302,"exact_match,strict_match",Sailor,8B,8000000000.0,instruct,open
sapienzanlp/Minerva-1B-base-v1.0,nonparallel,0.4773529411764706,"acc,none",Minerva,1B,1000000000.0,base,open
sapienzanlp/Minerva-1B-base-v1.0,parallel,0.20369784699510485,"acc,none",Minerva,1B,1000000000.0,base,open
sapienzanlp/Minerva-3B-base-v1.0,nonparallel,0.4784558823529411,"acc,none",Minerva,3B,3000000000.0,base,open
sapienzanlp/Minerva-3B-base-v1.0,parallel,0.202360886796454,"acc,none",Minerva,3B,3000000000.0,base,open
sapienzanlp/Minerva-7B-base-v1.0,nonparallel,0.4876470588235294,"acc,none",Minerva,7B,7000000000.0,base,open
sapienzanlp/Minerva-7B-base-v1.0,parallel,0.20992329722855926,"acc,none",Minerva,7B,7000000000.0,base,open
sapienzanlp/Minerva-7B-instruct-v1.0,nonparallel,0.12286764705882354,"exact_match,strict_match",Minerva,7B,7000000000.0,instruct,open
sapienzanlp/Minerva-7B-instruct-v1.0,parallel,0.04662410211969095,"exact_match,strict_match",Minerva,7B,7000000000.0,instruct,open
sarvamai/sarvam-m,nonparallel,0.0012499999999999998,"exact_match,strict_match",Sarvam,24B,24000000000.0,instruct,open
sarvamai/sarvam-m,parallel,0.003335062625064848,"exact_match,strict_match",Sarvam,24B,24000000000.0,instruct,open
sonnet-4.6,nonparallel,0.9016911764705883,exact_match,Claude,XXX,,instruct,closed
sonnet-4.6,parallel,0.8766320343588498,exact_match,Claude,XXX,,instruct,closed
speakleash/Bielik-1.5B-v3,nonparallel,0.4906617647058824,"acc,none",Bielik,1.5B,1500000000.0,base,open
speakleash/Bielik-1.5B-v3,parallel,0.2109550019702185,"acc,none",Bielik,1.5B,1500000000.0,base,open
speakleash/Bielik-4.5B-v3,nonparallel,0.49779411764705883,"acc,none",Bielik,4.5B,4500000000.0,base,open
speakleash/Bielik-4.5B-v3,parallel,0.21710340455226873,"acc,none",Bielik,4.5B,4500000000.0,base,open
swiss-ai/Apertus-70B-2509,nonparallel,0.6530147058823529,"acc,none",Apertus,70B,70000000000.0,base,open
swiss-ai/Apertus-70B-2509,parallel,0.30026643811642706,"acc,none",Apertus,70B,70000000000.0,base,open
swiss-ai/Apertus-70B-Instruct-2509,nonparallel,0.7427205882352941,"exact_match,strict_match",Apertus,70B,70000000000.0,instruct,open
swiss-ai/Apertus-70B-Instruct-2509,parallel,0.47124544960239745,"exact_match,strict_match",Apertus,70B,70000000000.0,instruct,open
swiss-ai/Apertus-8B-2509,nonparallel,0.6188235294117647,"acc,none",Apertus,8B,8000000000.0,base,open
swiss-ai/Apertus-8B-2509,parallel,0.27677424230972714,"acc,none",Apertus,8B,8000000000.0,base,open
swiss-ai/Apertus-8B-Instruct-2509,nonparallel,0.6702205882352942,"exact_match,strict_match",Apertus,8B,8000000000.0,instruct,open
swiss-ai/Apertus-8B-Instruct-2509,parallel,0.3894208438112024,"exact_match,strict_match",Apertus,8B,8000000000.0,instruct,open
tiiuae/falcon-40b,nonparallel,0.5358088235294118,"acc,none",Falcon,40B,40000000000.0,base,open
tiiuae/falcon-40b,parallel,0.24490146339172567,"acc,none",Falcon,40B,40000000000.0,base,open
tiiuae/falcon-7b,nonparallel,0.4979411764705882,"acc,none",Falcon,7B,7000000000.0,base,open
tiiuae/falcon-7b,parallel,0.21813951201686535,"acc,none",Falcon,7B,7000000000.0,base,open
universitytehran/PersianMind-v1.0,nonparallel,0.4879411764705881,"acc,none",PersianMind,6.8B,6800000000.0,base,open
universitytehran/PersianMind-v1.0,parallel,0.21480738454042542,"acc,none",PersianMind,6.8B,6800000000.0,base,open
utter-project/EuroLLM-9B,nonparallel,0.568529411764706,"acc,none",EuroLLM,9B,9000000000.0,base,open
utter-project/EuroLLM-9B,parallel,0.2523868261724268,"acc,none",EuroLLM,9B,9000000000.0,base,open
utter-project/EuroLLM-9B-Instruct,nonparallel,0.6008088235294117,"exact_match,strict_match",EuroLLM,9B,9000000000.0,instruct,open
utter-project/EuroLLM-9B-Instruct,parallel,0.2986330279066593,"exact_match,strict_match",EuroLLM,9B,9000000000.0,instruct,open
vilm/vinallama-2.7b,nonparallel,0.4854411764705883,"acc,none",VinaLLaMA,2.7B,2700000000.0,base,open
vilm/vinallama-2.7b,parallel,0.2137756797987662,"acc,none",VinaLLaMA,2.7B,2700000000.0,base,open
vilm/vinallama-7b,nonparallel,0.49125,"acc,none",VinaLLaMA,7B,7000000000.0,base,open
vilm/vinallama-7b,parallel,0.20510011425066021,"acc,none",VinaLLaMA,7B,7000000000.0,base,open
vilm/vinallama-7b-chat,nonparallel,0.49919117647058814,"exact_match,strict_match",VinaLLaMA,7B,7000000000.0,instruct,open
vilm/vinallama-7b-chat,parallel,0.23407810283733477,"exact_match,strict_match",VinaLLaMA,7B,7000000000.0,instruct,open
